{"cameraMode":{"drawMode":0,"name":"Shaded","section":"Shading Mode"},"sceneLighting":true,"audioPlay":false,"sceneViewState":{"showFog":true,"showMaterialUpdate":false,"showSkybox":true,"showFlares":true,"showImageEffects":true,"showParticleSystems":true},"in2DMode":false,"pivot":{"x":-65.4039077758789,"y":41.40399169921875,"z":-26.797576904296876},"rotation":{"x":-0.0023488961160182955,"y":0.9970927238464356,"z":-0.06890720129013062,"w":-0.034092724323272708},"size":20.098072052001954,"orthographic":false}