{"cameraMode":{"drawMode":0,"name":"Shaded","section":"Shading Mode"},"sceneLighting":true,"audioPlay":false,"sceneViewState":{"showFog":true,"showMaterialUpdate":false,"showSkybox":true,"showFlares":true,"showImageEffects":true,"showParticleSystems":true},"in2DMode":false,"pivot":{"x":-0.6861603260040283,"y":1.8228148221969605,"z":60.9064826965332},"rotation":{"x":0.04538797214627266,"y":0.9441329836845398,"z":-0.14704053103923798,"w":0.29143232107162478},"size":5.848336696624756,"orthographic":false}